{
    "default": {
        "jobs": [
            {
                "name": "hyperion-event-platform-sample",
                "new_cluster": {
                    "spark_version": "7.3.x-cpu-ml-scala2.12",
                    "node_type_id": "Standard_F4s",
                    "num_workers": 2
                },
                "libraries": [],
                "email_notifications": {
                    "on_start": [],
                    "on_success": [],
                    "on_failure": []
                },
                "max_retries": 0,
                "spark_python_task": {
                    "python_file": "hyperion_event_platform/jobs/sample/entrypoint.py",
                    "parameters": [
                        "--conf-file",
                        "conf/test/sample.json"
                    ]
                }
            },
            {
                "name": "hyperion-event-platform-sample-integration-test",
                "new_cluster": {
                    "spark_version": "7.3.x-cpu-ml-scala2.12",
                    "node_type_id": "Standard_F4s",
                    "num_workers": 1
                },
                "libraries": [],
                "email_notifications": {
                    "on_start": [],
                    "on_success": [],
                    "on_failure": []
                },
                "max_retries": 0,
                "spark_python_task": {
                    "python_file": "tests/integration/sample_test.py"
                }
            }
        ]
    }
}