{
  "engine_type": "spark",
  "key_vault_scope": "eventstore-key-vault-secrets",
  "app": {
    "job_name": "SourceToRawJob",
    "is_stream": false,
    "source": {
      "type": "rdbms",
      "config": {
        "url": "${url}",
        "user": "${user}",
        "password": "${password}",
        "driver": "${driver}",
        "dbtable": "${dbtable}"
      }
    },
    "transforms": [
      {
        "step": 1,
        "classname": "hyperion_events_platform.transform.source_raw.SourceToRawTransform",
        "description": "move data from Source to Raw",
        "config": {
          "batch_meta_info": {
            "batchID": "${batchID}",
            "pipelineID": "${pipelineID}"
          }
        }
      }
    ],
    "writers": [
      {
        "type": "file",
        "config": {
          "write_format": "parquet",
          "path": "${target_path}",
          "mode": "overwrite",
          "other_conf": {
            "mapreduce.fileoutputcommitter.marksuccessfuljobs": "false"
          }
        }
      }
    ]
  }
}