{
  "engine_type": "spark",
  "key_vault_scope": "",
  "app": {
    "job_name": "DataBricks Jobs.",
    "spark_config": {},
    "hadoop_config": {},
    "is_stream": true,
    "intermediate_action": false,
    "source": {
      "type": "rate",
      "config": {
        "rowsPerSecond": "10"
      }
    },
    "raw_writer": {
      "format": "%Y/%m/%d/%H%M%S",
      "writers": [
        {
          "type": "file",
          "config": {
            "write_format": "csv",
            "path": "/home/srinivasan/Downloads/username1",
            "other_conf": {
              "header": "true",
              "mapreduce.fileoutputcommitter.marksuccessfuljobs": "false"
            }
          }
        }
      ]
    },
    "transforms": [],
    "writer": {
      "type": "console",
      "config": {
        "processingTime": "10 seconds",
        "trigger_mode": "once",
        "other_conf": {
          "checkpointLocation": "/home/srinivasan/Downloads/checkpoint"
        }
      }
    }
  }
}