{
  "engine_type": "spark",
  "key_vault_scope": "",
  "app": {
    "job_name": "DataBricks Jobs.",
    "spark_config": {},
    "hadoop_config": {},
    "stream_config": {},
    "is_stream": false,
    "source": {
      "type": "file",
      "config": {
        "read_format": "csv",
        "path": "/home/srinivasan/Downloads/username.csv",
        "other_conf": {
          "delimiter": ";",
          "inferSchema": "true",
          "header": "true"
        }
      }
    },
    "transforms": [
      {
        "step": 1,
        "classname": "SampleDefaultDataTransformOpe",
        "description": "",
        "config": {
          "delta_path": "",
          "join_key": ""
        },
        "readers": [
          {
            "type": "file",
            "configs": [
              {
                "read_format": "csv",
                "path": "/home/srinivasan/Downloads/username.csv",
                "other_conf": {
                  "delimiter": ";",
                  "inferSchema": "true",
                  "header": "true"
                }
              }
            ]
          }
        ],
        "writers": [
          {
            "type": "file",
            "configs": [
              {
                "write_format": "parquet",
                "path": "/home/srinivasan/Downloads/username"
              }
            ]
          }
        ]
      }
    ],
    "writer": {
      "type": "console"
    }
  }
}