{
  "engine_type": "spark",
  "key_vault_scope": "",
  "app": {
    "job_name": "DataBricks Jobs.",
    "spark_config": {},
    "hadoop_config": {},
    "is_stream": true,
    "intermediate_action": false,
    "source": {
      "type": "rate",
      "config": {
        "rowsPerSecond": "10"
      }
    },
    "transforms": [],
    "writer": {
      "type": "console",
      "config": {
        "processingTime": "10 seconds",
        "trigger_mode": "processingTime",
        "other_conf": {
          "checkpointLocation": "/home/srinivasan/Downloads/checkpoint"
        }
      }
    }
  }
}